{
  "version": "1.2.1",
  "manifest_version": 2,
  "name": "Themer Dark",
  "theme": {
    "colors": {
      "bookmark_text": [
        209,
        255,
        253
      ],
      "frame": [
        14,
        41,
        65
      ],
      "ntp_background": [
        42,
        72,
        92
      ],
      "ntp_text": [
        209,
        255,
        253
      ],
      "tab_background_text": [
        209,
        255,
        253
      ],
      "tab_background_text_inactive": [
        209,
        255,
        253
      ],
      "tab_background_text_incognito": [
        209,
        255,
        253
      ],
      "tab_background_text_incognito_inactive": [
        209,
        255,
        253
      ],
      "tab_text": [
        209,
        255,
        253
      ],
      "toolbar": [
        42,
        72,
        92
      ],
      "omnibox_text": [
        209,
        255,
        253
      ],
      "omnibox_background": [
        14,
        41,
        65
      ]
    },
    "tints": {
      "buttons": [
        0.4565217391304347,
        0.5,
        0.5
      ],
      "frame_inactive": [
        -1,
        -1,
        -1
      ],
      "frame_incognito": [
        0.5256410256410258,
        1,
        0.55
      ],
      "frame_incognito_inactive": [
        0.5256410256410258,
        1,
        0.55
      ]
    }
  }
}